{
  "globalOpts": {"helperType":	     "none",
  		 "helperPort":       2718, 
		 "helperCGI":        "./cgi-bin/js9Helper.cgi",
                 "fits2fits":        "never",
		 "fits2png":         false,
		 "debug":	     0,
		 "loadProxy":	     false,
		 "workDir":	     "./tmp",
		 "workDirQuota":     100,
		 "dataPath":	     "$HOME/Desktop:$HOME/data",
		 "analysisPlugins":  "./analysis-plugins",
		 "analysisWrappers": "./analysis-wrappers"},
  "imageOpts":  {"colormap":	     "grey",
  		 "scale":     	     "linear"}
}
